,0
0,limevilleofficial
1,techno_glance
2,sriya_949
3,jaimegutierrezu
4,being_sajid_mg
5,graft3r_24
6,official.sourabhsoni
7,davidg408
8,__aashikathapa
9,mayli_ana21
10,shehna_beegom
11,emchanhleo
12,jaimegutierrezu
13,gginassy
14,juliadavidson18
15,ikram_ikraa1m
16,__tm18_
17,miiiillz
18,ayushsharma.19
19,mariem.sobhi
20,nikkalou_x
21,lanyx_x
22,sherazzzb
23,anamurta18
24,nj3011
25,zuzanarezacova
26,siourou96
27,annikawickstrand
28,cham.z.i
29,smilie_trails
30,melizagreb
31,emma070705
32,dianhoenderken
33,ruchi.deorukhkar
34,zara_sfamy
35,nusr.et46
36,lovelysandieoh_
37,mbongeniclaude
38,semper_43
39,lorenamichelle.ig
40,rchlljuego
41,anam_jamadarr
42,depe_creation
43,laalaas.lyrical
44,maddsey.rm
45,elenitsa_78
46,cazlou927
47,terim360
48,anshikasinha_56
49,deepakpandey0987
50,aislingkemmy
51,divyajhajhra
52,nicolemccalltyler
53,porshe916
54,teresazeilinger
55,trolls220
56,phar_mish_fau
57,paige_rose.xx
58,hetipfy
59,pramanikpoetry
60,dancerdeb25
61,briii.love_
62,katienicoleasis
63,teerdhapalagummi
64,andrytoena
65,nur.annisa.r
66,biiiyaaaaa
67,lion_among_wolves
68,erandi_n
69,p_i_writes
70,laurahenriikkaha
71,harshasingh14
72,aartimakkar8
73,zahra44
74,adventureswithmadalina
75,mandymusings
76,_poetryandlove
77,__izzywizzy
78,rachel_iona
79,alexisfaithburr
80,k._.t.sh
81,tsxno
82,playgurl.lluvia
83,iz_whitee
84,kdorian801
85,basically_jervis
86,chandana__nagaraj
87,playboii.menace
88,harsheyy.__
89,gloomyyyyyy__
90,sid89.44
91,devil_princess1122
92,hiba7_hm
93,sahily8532
94,katie14._
95,kaursimar_2608
96,poppy.shortt
97,ava_mccarthy18
98,dontbelieve._.paloma
99,__.love.__.loop.__
100,_laetitia_nisse_
101,demyherzog
102,x.ce1este
103,nickyy2110
104,_.samanth_.a
105,russel_and_seng
106,txbea_mxchelle_
107,blessed_baby17
108,kxxbxrnes
109,libbybits11
110,hannahstaffordd
111,bestfreindforever00
112,llaurynbrooke
113,g_roxana_
114,_.hxnxyshx._
